Domain,Status,Attractiveness,Demand,Length,Sectors,Created,Expires,Registrar
one.movie,resell,132,44%,3,"Business,General,Media,Technology",20/04/2025 17:07,20/04/2026 17:07,"Spaceship, Inc."
brief.movie,available,124,19%,5,"Business,Education,General,Law",,,
complete.movie,available,120,21%,8,"Manufacturing,Retail,Technology",,,
second.movie,available,120,23%,6,"General,Mathematics",,,
wizard.movie,available,118,42%,6,"Entertainment,Media,Technology",,,
equal.movie,available,116,19%,5,"Education,General,Law",,,
tenth.movie,available,116,7%,5,Mathematics,,,
flat.movie,available,116,24%,4,"Construction,Real Estate",,,
tonic.movie,available,114,22%,5,"Health and Fitness,Medicine,Science",,,
zero.movie,available,112,49%,4,Mathematics,,,
above.movie,available,112,22%,5,Business,,,
hotshot.movie,available,112,14%,7,"Business,Entertainment,Sports",,,
acute.movie,available,112,9%,5,"Mathematics,Medicine,Science",,,
abstract.movie,resell,108,29%,8,"Arts,Humanities,Science",20/02/2019 08:42,20/02/2026 08:42,"GoDaddy.com, LLC"
abiding.movie,available,106,5%,7,"General,Religion",,,
active.movie,available,104,27%,6,"Health and Fitness,Sports,Travel",,,
teen.movie,available,104,14%,4,"Education,Entertainment,Healthcare",,,
expert.movie,available,104,26%,6,"Business,Education,Technology",,,
absent.movie,available,102,8%,6,"Business,Education,Technology",,,
extra.movie,available,102,26%,5,"Fashion,Retail,Technology",,,
eight.movie,available,102,23%,5,"General,Mathematics",,,
captive.movie,available,102,14%,7,"Entertainment,Hospitality,Technology",,,
adjunct.movie,available,100,5%,7,Education,,,
sixth.movie,available,100,8%,5,Mathematics,,,
crack.movie,available,100,20%,5,Sports,,,
ninth.movie,available,100,9%,5,Mathematics,,,
third.movie,available,100,16%,5,Mathematics,,,
remove.movie,available,100,13%,6,"Construction,Manufacturing,Technology",,,
eighth.movie,available,100,6%,6,Mathematics,,,
abrupt.movie,available,100,3%,6,"Medicine,Science",,,
whiz.movie,available,100,12%,4,"Business,Education,Technology",,,
whizz.movie,available,98,11%,5,"Business,Education,Technology",,,
alamode.movie,available,96,12%,9,Fashion,,,
doable.movie,available,96,9%,6,"Business,Education,Technology",,,
academic.movie,available,96,20%,8,"Education,Humanities,Science",,,
forgiving.movie,available,96,3%,9,"Healthcare,Religion",,,
actual.movie,available,96,22%,6,"Real Estate,Retail,Technology",,,
abject.movie,available,94,7%,6,Humanities,,,
virtuoso.movie,available,94,16%,8,"Arts,Entertainment",,,
around.movie,available,94,22%,6,"Business,General,Media,Technology",,,
about.movie,expired,94,28%,5,"Business,General,Media,Technology",25/06/2022 20:12,25/06/2025 20:12,Porkbun LLC
adequate.movie,available,94,9%,8,"Education,Healthcare,Technology",,,
next.movie,available,92,43%,4,"Retail,Technology,Transportation",,,
adept.movie,available,92,24%,5,"Education,Health and Fitness,Sports",,,
twentieth.movie,available,92,3%,9,Mathematics,,,
neutral.movie,available,92,20%,7,"Business,Media,Politics",,,
derelict.movie,available,92,7%,8,"Construction,Real Estate",,,
exemplary.movie,available,92,5%,9,"Business,Education,Healthcare",,,
abroad.movie,available,92,12%,6,"Hospitality,Travel",,,
nought.movie,available,92,4%,6,Mathematics,,,
adjective.movie,available,92,5%,9,Education,,,
additional.movie,available,90,8%,10,"Fashion,Retail,Technology",,,
riveting.movie,available,90,6%,8,"Entertainment,Media,Technology",,,
adoring.movie,available,90,2%,7,"Entertainment,Fashion,Retail",,,
leash.movie,available,90,7%,5,"General,Health and Fitness,Retail",,,
abortive.movie,available,90,1%,8,"Medicine,Science",,,
addictive.movie,available,90,9%,9,Healthcare,,,
endearing.movie,available,90,1%,9,"Entertainment,Fashion,Retail",,,
gripping.movie,available,90,3%,8,"Entertainment,Media,Technology",,,
clear.movie,available,90,47%,5,"Manufacturing,Retail,Technology",,,
proficient.movie,available,88,8%,10,"Education,Health and Fitness,Sports",,,
ten.movie,available,88,28%,3,"General,Mathematics",,,
activist.movie,available,88,12%,8,"Humanities,Politics",,,
fifteen.movie,available,88,13%,7,Mathematics,,,
actionable.movie,available,88,13%,10,"Business,Law",,,
hundred.movie,available,88,14%,7,Mathematics,,,
sixteen.movie,available,88,11%,7,Mathematics,,,
three.movie,available,88,24%,5,Mathematics,,,
ace.movie,available,88,34%,3,Sports,,,
wide.movie,available,88,18%,4,"Business,Media,Technology",,,
twelve.movie,available,88,18%,6,"General,Mathematics",,,
eleven.movie,available,88,33%,6,Mathematics,,,
adlib.movie,available,88,7%,6,Entertainment,,,
attendant.movie,available,86,5%,9,"Healthcare,Hospitality,Transportation",,,
aboriginal.movie,available,86,10%,10,Humanities,,,
engrossing.movie,available,86,0%,10,"Entertainment,Media,Technology",,,
xix.movie,available,86,11%,3,Mathematics,,,
intent.movie,available,86,25%,6,"Business,Education,Technology",,,
cipher.movie,available,86,29%,6,Mathematics,,,
xiv.movie,available,86,12%,3,Mathematics,,,
recondite.movie,available,86,4%,9,"Arts,Humanities,Science",,,
star.movie,resell,86,40%,4,"Entertainment,Media,Sports",21/01/2020 01:31,21/01/2026 01:31,"GoDaddy.com, LLC"
adolescent.movie,available,86,3%,10,"Education,Entertainment,Healthcare",,,
extempore.movie,available,86,3%,9,Entertainment,,,
deviate.movie,available,84,12%,7,"Medicine,Science",,,
twentyone.movie,available,84,13%,10,Mathematics,,,
twentytwo.movie,available,84,11%,10,Mathematics,,,
adjustable.movie,available,84,3%,10,"Manufacturing,Retail,Technology",,,
thirteen.movie,available,84,10%,8,Mathematics,,,
thousand.movie,available,84,8%,8,Mathematics,,,
accessory.movie,available,84,8%,9,"Fashion,Retail,Technology",,,
seventeen.movie,available,84,7%,9,Mathematics,,,
acting.movie,available,84,12%,6,Entertainment,,,
fourteen.movie,available,84,8%,8,Mathematics,,,
grand.movie,available,84,25%,5,"Finance,General",,,
nineteen.movie,available,84,8%,8,Mathematics,,,
sharp.movie,available,84,34%,5,"Arts,Fashion",,,
decade.movie,available,82,10%,6,Mathematics,,,
fivesome.movie,available,82,1%,8,Sports,,,
impromptu.movie,available,82,16%,9,Entertainment,,,
cleansing.movie,available,82,3%,9,Health and Fitness,,,
dozen.movie,available,82,10%,5,Mathematics,,,
abroach.movie,available,82,1%,7,Food and Beverage,,,
abkhaz.movie,available,82,1%,6,Geography,,,
altered.movie,available,82,9%,7,"Medicine,Science",,,
absorbent.movie,available,82,3%,9,"Healthcare,Manufacturing,Retail",,,
abdominal.movie,available,82,1%,9,"Health and Fitness,Medicine",,,
abenaki.movie,available,82,2%,7,Geography,,,
enduring.movie,available,82,9%,8,"Health and Fitness,Religion",,,
some.movie,available,80,32%,4,"Business,Media,Retail",,,
seventh.movie,available,80,10%,7,Mathematics,,,
superstar.movie,available,80,18%,9,Entertainment,,,
absolute.movie,available,80,25%,8,"Engineering,Mathematics,Science",,,
wiz.movie,available,80,30%,3,"Business,Education,Technology",,,
sequent.movie,available,80,7%,7,"Healthcare,Insurance,Transportation",,,
forty.movie,available,80,9%,5,Mathematics,,,
two.movie,available,80,24%,3,Mathematics,,,
twenty.movie,available,80,12%,6,Mathematics,,,
adoptable.movie,available,80,3%,9,"Education,Healthcare",,,
absorbable.movie,available,80,0%,10,"Healthcare,Pharmaceuticals,Science",,,
capable.movie,available,80,12%,7,"Business,Education,Technology",,,
dorsal.movie,available,80,6%,6,"Medicine,Science",,,
absurd.movie,available,80,16%,6,"Arts,Entertainment,Media",,,
nine.movie,available,80,24%,4,"General,Mathematics",,,
abundant.movie,available,80,19%,8,"Agriculture,Manufacturing,Retail",,,
trio.movie,available,80,21%,4,Entertainment,,,
yard.movie,available,80,26%,4,"Construction,General",,,
able.movie,available,80,29%,4,"Business,Education,General,Technology",,,
worshipful.movie,available,80,1%,10,"Education,Healthcare,Religion",,,
adrenal.movie,available,78,4%,7,"Education,Healthcare,Science",,,
acceptant.movie,available,78,1%,9,"Education,Healthcare",,,
acceptable.movie,available,78,5%,10,"Business,Hospitality,Retail",,,
recognized.movie,available,78,3%,10,"Business,Education,Technology",,,
recognised.movie,available,78,3%,10,"Business,Education,Technology",,,
dormant.movie,available,78,4%,7,"Medicine,Science",,,
sixtynine.movie,available,78,8%,10,Mathematics,,,
adorable.movie,available,78,8%,8,"Entertainment,Fashion,Retail",,,
honestly.movie,available,78,9%,8,"Business,Law",,,
accidental.movie,available,78,11%,10,"Healthcare,Insurance,Transportation",,,
absorptive.movie,available,78,1%,10,"Healthcare,Manufacturing,Retail",,,
accessible.movie,available,78,21%,10,"Healthcare,Retail,Technology",,,
twentysix.movie,available,78,8%,10,Mathematics,,,
abounding.movie,available,78,2%,9,Agriculture,,,
accepted.movie,available,78,6%,8,"Business,Education,Technology",,,
abkhazian.movie,available,78,1%,9,Geography,,,
abkhasian.movie,available,78,1%,9,Geography,,,
athletic.movie,available,78,15%,8,"Health and Fitness,Sports",,,
low.movie,available,78,20%,3,"Business,Finance",,,
accurate.movie,available,78,16%,8,"Engineering,Mathematics,Science",,,
adjacent.movie,available,78,9%,8,"Construction,Real Estate,Retail",,,
acoustic.movie,available,76,14%,8,Science,,,
ventral.movie,available,76,3%,7,Science,,,
hundredth.movie,available,76,1%,9,Mathematics,,,
energizing.movie,available,76,3%,10,"Food and Beverage,Health and Fitness,Travel",,,
fourteenth.movie,available,76,1%,10,Mathematics,,,
obscene.movie,available,76,5%,7,"Entertainment,Media",,,
threed.movie,available,76,7%,7,Technology,,,
fifteenth.movie,available,76,2%,9,Mathematics,,,
ancillary.movie,available,76,6%,9,"Healthcare,Manufacturing,Technology",,,
diamond.movie,available,76,32%,7,Fashion,,,
firstrate.movie,available,76,6%,10,Business,,,
abrasive.movie,available,76,6%,8,"Construction,Manufacturing",,,
improvise.movie,available,76,4%,9,Entertainment,,,
adhesive.movie,available,76,7%,8,"Construction,Manufacturing,Technology",,,
resultant.movie,available,76,2%,9,"Healthcare,Insurance,Transportation",,,
adaptive.movie,available,76,28%,8,"Business,Education,Technology",,,
incidental.movie,available,76,4%,10,"Healthcare,Insurance,Transportation",,,
ague.movie,available,76,2%,4,"Geography,Medicine,Science",,,
adipose.movie,available,76,2%,7,"Healthcare,Science",,,
auxiliary.movie,available,76,7%,9,"Healthcare,Manufacturing,Technology",,,
adherent.movie,available,76,4%,8,"Politics,Religion",,,
thousandth.movie,available,76,1%,10,Mathematics,,,
addable.movie,available,76,2%,7,"Engineering,Mathematics,Science",,,
thirteenth.movie,available,76,4%,10,Mathematics,,,
nineteenth.movie,available,76,3%,10,Mathematics,,,
adaptable.movie,available,76,9%,9,"Business,Education,Technology",,,
eighteen.movie,available,76,7%,8,Mathematics,,,
playing.movie,available,74,12%,7,Entertainment,,,
adapted.movie,available,74,6%,7,"Healthcare,Manufacturing,Technology",,,
admirable.movie,available,74,5%,9,"Business,Education,Healthcare",,,
manageable.movie,available,74,4%,10,"Business,Education,Technology",,,
adamant.movie,available,74,14%,7,Religion,,,
aberrant.movie,available,74,6%,8,"Medicine,Science",,,
skilful.movie,available,74,3%,7,"Education,Health and Fitness,Sports",,,
activated.movie,available,74,9%,9,"Healthcare,Manufacturing,Technology",,,
mavin.movie,available,74,7%,5,"Entertainment,Fashion,Technology",,,
realizable.movie,available,74,1%,10,"Business,Education,Technology",,,
adrenergic.movie,available,74,1%,10,"Education,Healthcare,Science",,,
supra.movie,available,74,25%,5,"Medicine,Science",,,
achievable.movie,available,74,4%,10,"Business,Education,Technology",,,
sensation.movie,available,74,7%,9,"Entertainment,Media,Sports",,,
broad.movie,available,74,13%,5,"Entertainment,General,Media",,,
single.movie,available,74,19%,6,Sports,,,
abnormal.movie,available,74,16%,8,"Medicine,Science",,,
adenoid.movie,available,74,1%,7,"Health and Fitness,Medicine,Science",,,
accepting.movie,available,74,3%,9,"Education,Healthcare",,,
acuate.movie,available,74,2%,6,"Engineering,Medicine,Science",,,
cleared.movie,available,74,7%,7,"Healthcare,Law,Transportation",,,
existent.movie,available,72,3%,8,"Mathematics,Science",,,
abreast.movie,available,72,2%,7,"Business,Technology",,,
aching.movie,available,72,4%,6,Healthcare,,,
sixtieth.movie,available,72,1%,8,Mathematics,,,
abloom.movie,available,72,5%,6,Agriculture,,,
absolutist.movie,available,72,1%,10,"Humanities,Law,Politics",,,
adaptative.movie,available,72,1%,10,"Business,Education,Technology",,,
eightieth.movie,available,72,1%,9,Mathematics,,,
adjectival.movie,available,72,1%,10,Education,,,
lovely.movie,available,72,26%,6,"Entertainment,Fashion,Retail",,,
trey.movie,available,72,14%,4,Sports,,,
ninetieth.movie,available,72,1%,9,Mathematics,,,
adiabatic.movie,available,72,3%,9,"Engineering,Science",,,
accustomed.movie,available,72,1%,10,"Business,Education,Humanities",,,
addicted.movie,available,72,9%,8,Healthcare,,,
trinity.movie,available,72,18%,7,Religion,,,
accusative.movie,available,72,0%,10,"Humanities,Law",,,
improvize.movie,available,72,1%,9,Entertainment,,,
absorbed.movie,available,72,2%,8,"Entertainment,Media,Technology",,,
ablaze.movie,available,72,6%,6,Entertainment,,,
champion.movie,available,72,28%,8,"Entertainment,Health and Fitness,Sports",,,
adjunctive.movie,available,72,1%,10,"Healthcare,Manufacturing,Technology",,,
ternary.movie,available,72,7%,7,Mathematics,,,
adonic.movie,available,72,2%,6,"Arts,Education,Entertainment",,,
liv.movie,available,72,27%,3,Mathematics,,,
engrossed.movie,available,72,1%,9,"Entertainment,Media,Technology",,,
seventieth.movie,available,72,1%,10,Mathematics,,,
tiptop.movie,available,70,24%,6,Fashion,,,
lowdown.movie,available,70,6%,8,"Entertainment,Media",,,
abradant.movie,available,70,1%,8,"Construction,Manufacturing",,,
acuminate.movie,available,70,1%,9,"Engineering,Medicine,Science",,,
absorbing.movie,available,70,3%,9,"Entertainment,Media,Technology",,,
abulic.movie,available,70,1%,6,Medicine,,,
admired.movie,available,70,5%,7,"Business,Education,Healthcare",,,
recumbent.movie,available,70,2%,9,"Healthcare,Medicine,Science",,,
adored.movie,available,70,6%,6,"Entertainment,Fashion,Retail",,,
adjusted.movie,available,70,5%,8,"Manufacturing,Retail,Technology",,,
accumbent.movie,available,70,1%,9,"Healthcare,Medicine,Science",,,
stillborn.movie,available,70,2%,9,"Medicine,Science",,,
miserable.movie,available,70,4%,9,Humanities,,,
practiced.movie,available,70,3%,9,"Education,Health and Fitness,Sports",,,
offhand.movie,available,70,2%,7,Entertainment,,,
gymnastic.movie,available,70,3%,9,"Entertainment,Sports",,,
adamantine.movie,available,70,4%,10,Religion,,,
skillful.movie,available,70,9%,8,"Education,Health and Fitness,Sports",,,
consequent.movie,available,70,3%,10,"Business,Education,General,Technology",,,
decorated.movie,available,68,3%,9,"Entertainment,Fashion,Retail",,,
aculeate.movie,available,68,1%,8,"Engineering,Medicine,Science",,,
aberdonian.movie,available,68,1%,10,Geography,,,
activating.movie,available,68,3%,10,"Healthcare,Manufacturing,Technology",,,
scurvy.movie,available,68,3%,6,Humanities,,,
foursome.movie,available,68,4%,8,Sports,,,
acerate.movie,available,68,1%,7,Science,,,
septenary.movie,available,68,1%,9,Mathematics,,,
licensed.movie,available,68,5%,8,"Business,Healthcare,Insurance",,,
abducent.movie,available,68,0%,8,Medicine,,,
octonary.movie,available,68,1%,8,Mathematics,,,
abnaki.movie,available,68,1%,6,Geography,,,
ablative.movie,available,68,3%,8,Science,,,
stygian.movie,available,68,5%,7,Humanities,,,
aroused.movie,available,68,3%,7,"Entertainment,Health and Fitness",,,
sevener.movie,available,68,1%,7,Mathematics,,,
disciple.movie,available,68,14%,8,"Education,Religion",,,
thirtieth.movie,available,68,1%,9,Mathematics,,,
ennead.movie,available,68,5%,6,Mathematics,,,
vindicated.movie,available,68,2%,10,"Humanities,Law,Politics",,,
abkhas.movie,available,68,0%,6,Geography,,,
fortieth.movie,available,68,0%,8,Mathematics,,,
ane.movie,available,68,12%,3,Mathematics,,,
achaian.movie,available,68,2%,7,Humanities,,,
threesome.movie,available,68,5%,9,Entertainment,,,
achaean.movie,available,68,2%,7,Humanities,,,
overseas.movie,available,68,12%,8,"Hospitality,Travel",,,
accredited.movie,available,68,9%,10,"Business,Education,Healthcare",,,
fiftieth.movie,available,68,0%,8,Mathematics,,,
licenced.movie,available,68,2%,8,"Business,Healthcare,Insurance",,,
buzzing.movie,available,66,7%,7,"Entertainment,Media,Technology",,,
abstinent.movie,available,66,1%,9,"Health and Fitness,Religion",,,
latest.movie,available,66,18%,6,Technology,,,
four.movie,available,66,27%,4,Mathematics,,,
sextet.movie,available,66,1%,6,Entertainment,,,
deuce.movie,available,66,9%,5,Sports,,,
xii.movie,available,66,10%,3,Mathematics,,,
eighty.movie,available,66,6%,6,Mathematics,,,
adorned.movie,available,66,5%,7,"Entertainment,Fashion,Retail",,,
acervate.movie,available,66,1%,8,Science,,,
xxvi.movie,available,66,3%,4,Mathematics,,,
maven.movie,available,66,30%,5,"Entertainment,Fashion,Technology",,,
century.movie,available,66,17%,7,Education,,,
acappella.movie,available,66,6%,10,Entertainment,,,
teenager.movie,available,66,4%,8,"Education,Entertainment,Healthcare",,,
xxv.movie,available,66,6%,3,Mathematics,,,
xviii.movie,available,66,5%,5,Mathematics,,,
xxii.movie,available,66,6%,4,Mathematics,,,
thirty.movie,available,66,8%,6,Mathematics,,,
xxi.movie,available,66,10%,3,Mathematics,,,
modish.movie,available,66,5%,6,Fashion,,,
five.movie,available,66,26%,4,Mathematics,,,
tenner.movie,available,66,5%,6,Finance,,,
adopted.movie,available,66,4%,7,"Education,Healthcare",,,
exonerated.movie,available,66,2%,10,"Humanities,Law,Politics",,,
accessary.movie,available,66,1%,9,"Business,Law,Technology",,,
ninety.movie,available,66,11%,6,Mathematics,,,
clv.movie,available,66,10%,3,Mathematics,,,
fifty.movie,available,66,12%,5,Mathematics,,,
xiii.movie,available,66,9%,4,Mathematics,,,
xvii.movie,available,66,5%,4,Mathematics,,,
performing.movie,available,66,6%,10,Entertainment,,,
xvi.movie,available,66,5%,3,Mathematics,,,
acrobatic.movie,available,66,4%,9,"Entertainment,Sports",,,
onec.movie,available,66,6%,5,Mathematics,,,
according.movie,available,66,3%,9,"Business,Education,Technology",,,
deviant.movie,available,64,12%,7,"Medicine,Science",,,
adagio.movie,available,64,14%,6,Entertainment,,,
aflame.movie,available,64,3%,6,Entertainment,,,
accordant.movie,available,64,3%,9,"Arts,Entertainment",,,
astringent.movie,available,64,1%,10,"Healthcare,Pharmaceuticals",,,
acentric.movie,available,64,2%,8,Science,,,
ccc.movie,available,64,38%,3,Mathematics,,,
absolved.movie,available,64,1%,8,"Humanities,Law,Religion",,,
rising.movie,available,64,18%,6,"Construction,Manufacturing,Real Estate",,,
nondrinker.movie,available,64,1%,10,"Health and Fitness,Religion",,,
scatty.movie,available,64,1%,6,"Arts,Entertainment,Media",,,
accrued.movie,available,62,2%,7,"Banking,Finance,Insurance",,,
twodozen.movie,available,62,1%,9,Mathematics,,,
exculpated.movie,available,62,1%,10,"Humanities,Law,Politics",,,
eighteenth.movie,available,62,1%,10,Mathematics,,,
sixteenth.movie,available,62,1%,9,Mathematics,,,
fortyfour.movie,available,62,6%,10,Mathematics,,,
longdozen.movie,available,62,2%,10,Mathematics,,,
cumulative.movie,available,62,2%,10,"Banking,Finance,Insurance",,,
adjuvant.movie,available,62,5%,8,"Healthcare,Manufacturing,Technology",,,
aufait.movie,available,62,3%,7,"Fashion,Media",,,
accusing.movie,available,62,1%,8,Law,,,
orso.movie,available,62,9%,5,"Business,Media,Technology",,,
abo.movie,available,62,15%,3,Science,,,
activation.movie,available,62,16%,10,"Healthcare,Manufacturing,Technology",,,
admissible.movie,available,62,1%,10,"Education,Healthcare,Law",,,
aborigine.movie,available,62,1%,9,Humanities,,,
activistic.movie,available,62,1%,10,"Humanities,Politics",,,
troika.movie,available,62,8%,6,Politics,,,
pungent.movie,available,62,1%,7,Food and Beverage,,,
quartet.movie,available,62,7%,7,"Arts,Entertainment",,,
adoptive.movie,available,62,1%,8,"Education,Healthcare",,,
wrapped.movie,available,62,13%,7,"Fashion,Hospitality,Retail",,,
playacting.movie,available,62,1%,10,Entertainment,,,
roughly.movie,available,62,3%,7,"Business,Media,Technology",,,
acidic.movie,available,62,5%,6,"Food and Beverage,Science",,,
ensuant.movie,available,62,1%,7,"Healthcare,Insurance,Transportation",,,
eleventh.movie,available,62,5%,8,Mathematics,,,
nail.movie,available,62,16%,4,"Construction,Fashion,General,Retail",,,
chiliad.movie,available,62,2%,7,Mathematics,,,
eightysix.movie,available,60,7%,10,Mathematics,,,
cxl.movie,available,60,7%,3,Mathematics,,,
abashed.movie,available,60,1%,7,Humanities,,,
abstemious.movie,available,60,0%,10,"Food and Beverage,Health and Fitness,Hospitality",,,
idolised.movie,available,60,1%,8,"Entertainment,Fashion,Retail",,,
paunchy.movie,available,60,0%,7,"Health and Fitness,Medicine",,,
cautionary.movie,available,60,1%,10,"Business,Education,Healthcare",,,
clxx.movie,available,60,3%,4,Mathematics,,,
tertiary.movie,available,60,4%,8,Education,,,
idolized.movie,available,60,3%,8,"Entertainment,Fashion,Retail",,,
cxxx.movie,available,60,4%,4,Mathematics,,,
adnexal.movie,available,60,1%,7,"Agriculture,Manufacturing,Retail",,,
octet.movie,available,60,12%,5,Arts,,,
clxxx.movie,available,60,1%,5,Mathematics,,,
sixty.movie,available,60,13%,5,Mathematics,,,
abstainer.movie,available,60,0%,9,"Health and Fitness,Religion",,,
adnate.movie,available,60,1%,6,"Agriculture,Manufacturing,Retail",,,
cxv.movie,available,60,4%,3,Mathematics,,,
cxlv.movie,available,60,2%,4,Mathematics,,,
cxxv.movie,available,60,1%,4,Mathematics,,,
cxxxv.movie,available,60,2%,5,Mathematics,,,
clx.movie,available,60,10%,3,Mathematics,,,
clxv.movie,available,60,1%,4,Mathematics,,,
annexal.movie,available,60,1%,7,"Agriculture,Manufacturing,Retail",,,
clxxv.movie,available,60,1%,5,Mathematics,,,
thou.movie,available,60,7%,4,Mathematics,,,
cxx.movie,available,60,10%,3,Mathematics,,,
acceptive.movie,available,60,1%,9,"Education,Healthcare",,,
aboveboard.movie,available,60,5%,10,"Business,Law",,,
xcl.movie,available,60,5%,3,Mathematics,,,
tercet.movie,available,59,2%,6,"Arts,Entertainment,Media",,,
actuarial.movie,available,58,8%,9,"Finance,Insurance,Mathematics",,,
justabout.movie,available,58,3%,10,"Business,Media,Technology",,,
accented.movie,available,58,3%,8,"Arts,Entertainment",,,
alacarte.movie,available,58,11%,10,Food and Beverage,,,
abuzz.movie,available,58,5%,5,"Entertainment,Media,Technology",,,
enwrapped.movie,available,58,0%,9,"Entertainment,Fashion,Media",,,
abandoned.movie,available,58,10%,9,"Construction,Real Estate",,,
super.movie,available,58,47%,5,Business,,,
fourscore.movie,available,58,4%,9,Mathematics,,,
lxxx.movie,available,58,2%,4,Mathematics,,,
tetrad.movie,available,58,5%,6,Mathematics,,,
eighter.movie,available,58,2%,7,Mathematics,,,
centesimal.movie,available,58,1%,10,Mathematics,,,
aucourant.movie,available,58,3%,10,"Fashion,Media",,,
octad.movie,available,58,5%,5,Mathematics,,,
heptad.movie,available,58,1%,6,Mathematics,,,
abridged.movie,available,58,4%,8,Media,,,
seventy.movie,available,58,7%,7,Mathematics,,,
abused.movie,available,58,5%,6,"Healthcare,Law",,,
accretive.movie,available,58,6%,9,"Banking,Finance,Insurance",,,
sextuplet.movie,available,58,1%,9,Healthcare,,,
seven.movie,available,58,36%,5,Mathematics,,,
sixtyone.movie,available,58,3%,9,Mathematics,,,
niner.movie,available,58,5%,5,Mathematics,,,
adjustive.movie,available,58,1%,9,"Manufacturing,Retail,Technology",,,
sixer.movie,available,58,5%,5,Sports,,,
accoutred.movie,available,58,1%,9,"Fashion,Manufacturing,Retail",,,
twelfth.movie,available,58,2%,7,Mathematics,,,
offhanded.movie,available,58,1%,9,Entertainment,,,
adient.movie,available,58,4%,6,"Medicine,Science",,,
addressed.movie,available,58,3%,9,"Business,Technology,Telecommunications",,,
lxxviii.movie,available,58,1%,7,Mathematics,,,
fifth.movie,available,58,12%,5,Mathematics,,,
pentad.movie,available,58,2%,6,Mathematics,,,
adhoc.movie,available,58,24%,6,"Business,Engineering,Technology",,,
acetic.movie,available,58,1%,6,"Food and Beverage,Science",,,
acyclic.movie,available,58,4%,7,"Engineering,Mathematics,Science",,,
quintet.movie,available,58,8%,7,"Arts,Entertainment",,,
addible.movie,available,58,2%,7,"Engineering,Mathematics,Science",,,
fourth.movie,available,58,13%,6,Mathematics,,,
closeto.movie,available,58,3%,8,"Business,Media,Technology",,,
hexad.movie,available,58,4%,5,Mathematics,,,
ache.movie,available,58,7%,4,Healthcare,,,
linear.movie,available,58,22%,6,"Engineering,Mathematics,Science",,,
cypher.movie,available,58,29%,6,Mathematics,,,
xxxiii.movie,available,56,2%,6,Mathematics,,,
xxxviii.movie,available,56,1%,7,Mathematics,,,
addled.movie,available,56,2%,6,Entertainment,,,
xlii.movie,available,56,5%,4,Mathematics,,,
fortytwo.movie,available,56,17%,9,Mathematics,,,
accoutered.movie,available,56,0%,10,"Fashion,Manufacturing,Retail",,,
lviii.movie,available,56,1%,5,Mathematics,,,
abdominous.movie,available,56,0%,10,"Health and Fitness,Medicine",,,
lii.movie,available,56,7%,3,Mathematics,,,
admittable.movie,available,56,1%,10,"Education,Healthcare,Hospitality",,,
thirtysix.movie,available,56,5%,10,Mathematics,,,
xxxvi.movie,available,56,1%,5,Mathematics,,,
xxxii.movie,available,56,1%,5,Mathematics,,,
fiftyone.movie,available,56,7%,9,Mathematics,,,
aone.movie,available,56,15%,5,Food and Beverage,,,
admissive.movie,available,56,1%,9,"Education,Healthcare,Hospitality",,,
xlvi.movie,available,56,3%,4,Mathematics,,,
lvi.movie,available,56,8%,3,Mathematics,,,
xxxiv.movie,available,56,1%,5,Mathematics,,,
xxxv.movie,available,56,4%,4,Mathematics,,,
fiftysix.movie,available,56,4%,9,Mathematics,,,
appressed.movie,available,56,0%,9,"Agriculture,Manufacturing,Retail",,,
fiftytwo.movie,available,56,6%,9,Mathematics,,,
thirtytwo.movie,available,56,5%,10,Mathematics,,,
xxix.movie,available,56,4%,4,Mathematics,,,
xliii.movie,available,56,1%,5,Mathematics,,,
halfdozen.movie,available,56,1%,10,Mathematics,,,
xlvii.movie,available,56,2%,5,Mathematics,,,
ilx.movie,available,56,5%,3,Mathematics,,,
xxiii.movie,available,56,5%,5,Mathematics,,,
admittible.movie,available,56,1%,10,"Education,Healthcare,Hospitality",,,
xxviii.movie,available,56,1%,6,Mathematics,,,
fiftyfive.movie,available,56,7%,10,Mathematics,,,
lvii.movie,available,56,1%,4,Mathematics,,,
potbellied.movie,available,56,0%,10,"Health and Fitness,Medicine",,,
xxxi.movie,available,56,9%,4,Mathematics,,,
terzetto.movie,available,56,3%,8,Arts,,,
xxvii.movie,available,56,3%,5,Mathematics,,,
fortyone.movie,available,56,4%,9,Mathematics,,,
xliv.movie,available,56,2%,4,Mathematics,,,
fiftyfour.movie,available,56,3%,10,Mathematics,,,
xlv.movie,available,56,6%,3,Mathematics,,,
triad.movie,available,56,15%,5,Arts,,,
fortynine.movie,available,56,3%,10,Mathematics,,,
fortysix.movie,available,56,3%,9,Mathematics,,,
fiftynine.movie,available,56,4%,10,Mathematics,,,
xli.movie,available,56,5%,3,Mathematics,,,
abeyant.movie,available,56,1%,7,"Business,Law",,,
xxxvii.movie,available,56,2%,6,Mathematics,,,
thirtyone.movie,available,56,5%,10,Mathematics,,,
maledict.movie,available,56,1%,8,Religion,,,
liii.movie,available,56,4%,4,Mathematics,,,
xlviii.movie,available,56,1%,6,Mathematics,,,
xxiv.movie,available,56,5%,4,Mathematics,,,
viii.movie,available,54,6%,4,Mathematics,,,
abatic.movie,available,54,1%,6,Science,,,
fortyfive.movie,available,54,4%,10,Mathematics,,,
scratchy.movie,available,54,3%,8,Fashion,,,
adaxial.movie,available,54,2%,7,Science,,,
twoscore.movie,available,54,2%,8,Mathematics,,,
admonitory.movie,available,54,0%,10,"Business,Education,Healthcare",,,
ternion.movie,available,54,3%,7,Mathematics,,,
quatern.movie,available,54,2%,7,Mathematics,,,
threescore.movie,available,54,1%,10,Mathematics,,,
acoustical.movie,available,54,4%,10,Science,,,
unnatural.movie,available,54,4%,9,"Medicine,Science",,,
actuated.movie,available,54,2%,8,"Automotive,Manufacturing,Technology",,,
adpressed.movie,available,54,0%,9,"Agriculture,Manufacturing,Retail",,,
fin.movie,available,54,30%,3,Finance,,,
adducent.movie,available,54,1%,8,"Engineering,Mathematics,Science",,,
deserted.movie,available,54,3%,8,"Hospitality,Real Estate",,,
sise.movie,available,54,5%,4,Mathematics,,,
achy.movie,available,54,3%,4,Healthcare,,,
abasic.movie,available,54,1%,6,Science,,,
adducting.movie,available,54,1%,9,"Engineering,Mathematics,Science",,,
achromatic.movie,available,54,4%,10,Science,,,
vii.movie,available,54,13%,3,Mathematics,,,
adjuratory.movie,available,54,0%,10,"Law,Politics,Religion",,,
aboral.movie,available,54,2%,6,Science,,,
topnotch.movie,available,54,18%,8,Business,,,
abient.movie,available,54,1%,6,Science,,,
quaternion.movie,available,54,6%,10,Mathematics,,,
abatable.movie,available,54,1%,8,Law,,,
abaxial.movie,available,54,1%,7,Science,,,
quadruplet.movie,available,54,1%,10,"Healthcare,Medicine,Science",,,
adductive.movie,available,54,0%,9,"Engineering,Mathematics,Science",,,
abhorrent.movie,available,54,1%,9,Humanities,,,
quintuplet.movie,available,54,1%,10,"Healthcare,Medicine,Science",,,
abducens.movie,available,54,1%,8,Medicine,,,
deuceace.movie,available,54,2%,9,Sports,,,
accentual.movie,available,54,3%,9,"Arts,Entertainment",,,
accursed.movie,available,54,3%,8,"Entertainment,Media,Religion",,,
monitory.movie,available,54,3%,8,"Business,Education,Healthcare",,,
quaternity.movie,available,54,4%,10,Mathematics,,,
sestet.movie,available,53,1%,6,Arts,,,
xxx.movie,expiring,53,30%,3,"Arts,Entertainment,Media",24/08/2015 16:50,24/08/2025 16:50,"Global Domains International, Inc. DBA DomainCostClub.com"
septet.movie,available,53,1%,6,General,,,
repulsive.movie,available,52,1%,9,Humanities,,,
lxxv.movie,available,52,1%,4,Mathematics,,,
lxxi.movie,available,52,1%,4,Mathematics,,,
abstruse.movie,available,52,5%,8,"Humanities,Mathematics,Science",,,
lxxxvii.movie,available,52,1%,7,Mathematics,,,
eightyone.movie,available,52,3%,10,Mathematics,,,
sixtysix.movie,available,52,4%,9,Mathematics,,,
xcv.movie,available,52,7%,3,Mathematics,,,
lxxvi.movie,available,52,1%,5,Mathematics,,,
odious.movie,available,52,2%,6,"Entertainment,Humanities",,,
xcviii.movie,available,52,1%,6,Mathematics,,,
xciii.movie,available,52,1%,5,Mathematics,,,
aboulic.movie,available,52,1%,7,Medicine,,,
uphill.movie,available,52,7%,6,"Sports,Transportation,Travel",,,
abusive.movie,available,52,3%,7,"Healthcare,Law",,,
eightytwo.movie,available,52,4%,10,Mathematics,,,
ninetyone.movie,available,52,5%,10,Mathematics,,,
ixc.movie,available,52,5%,3,Mathematics,,,
adenoidal.movie,available,52,1%,9,"Health and Fitness,Medicine,Science",,,
lxvi.movie,available,52,3%,4,Mathematics,,,
sixtyfour.movie,available,52,3%,10,Mathematics,,,
lxviii.movie,available,52,1%,6,Mathematics,,,
ninetysix.movie,available,52,4%,10,Mathematics,,,
chagrined.movie,available,52,1%,9,Humanities,,,
xciv.movie,available,52,2%,4,Mathematics,,,
lxxiv.movie,available,52,1%,5,Mathematics,,,
xci.movie,available,52,4%,3,Mathematics,,,
lxxxi.movie,available,52,1%,5,Mathematics,,,
lxiii.movie,available,52,2%,5,Mathematics,,,
tierce.movie,available,52,3%,6,General,,,
lxv.movie,available,52,5%,3,Mathematics,,,
lxi.movie,available,52,5%,3,Mathematics,,,
decumbent.movie,available,52,1%,9,"Healthcare,Medicine,Science",,,
littlejoe.movie,available,52,2%,10,"Entertainment,Media",,,
ixl.movie,available,52,9%,3,Mathematics,,,
lxxxv.movie,available,52,1%,5,Mathematics,,,
lxxxiv.movie,available,52,1%,6,Mathematics,,,
lxvii.movie,available,52,1%,5,Mathematics,,,
lxxiii.movie,available,52,1%,6,Mathematics,,,
lxxxvi.movie,available,52,1%,6,Mathematics,,,
lxxxiii.movie,available,52,1%,7,Mathematics,,,
xcii.movie,available,52,2%,4,Mathematics,,,
xcvii.movie,available,52,1%,5,Mathematics,,,
abominable.movie,available,52,2%,10,"Entertainment,Humanities",,,
ninetytwo.movie,available,52,4%,10,Mathematics,,,
abysmal.movie,available,52,4%,7,"Arts,Entertainment,Media",,,
xcvi.movie,available,52,2%,4,Mathematics,,,
detestable.movie,available,52,1%,10,Humanities,,,
sixtyfive.movie,available,52,3%,10,Mathematics,,,
lxxvii.movie,available,52,2%,6,Mathematics,,,
sixtytwo.movie,available,52,3%,9,Mathematics,,,
ablated.movie,available,52,1%,7,Science,,,
lxiv.movie,available,52,3%,4,Mathematics,,,
lxxxii.movie,available,52,1%,6,Mathematics,,,
lxii.movie,available,52,1%,4,Mathematics,,,
repugnant.movie,available,52,1%,9,Humanities,,,
lxxii.movie,available,52,1%,5,Mathematics,,,
vinegary.movie,available,50,1%,8,Food and Beverage,,,
abranchial.movie,available,50,0%,10,Science,,,
acapnotic.movie,available,50,0%,9,"Healthcare,Medicine,Science",,,
acetous.movie,available,50,1%,7,Science,,,
acquitted.movie,available,50,1%,9,Law,,,
broached.movie,available,50,0%,8,Food and Beverage,,,
aborticide.movie,available,50,0%,10,Medicine,,,
acerb.movie,available,50,2%,5,Science,,,
abducting.movie,available,50,0%,9,Medicine,,,
trine.movie,available,50,11%,5,"General,Religion",,,
acellular.movie,available,50,1%,9,Science,,,
abdicable.movie,available,50,0%,9,Law,,,
acerbic.movie,available,50,2%,7,"Arts,Humanities,Media",,,
adhominem.movie,available,50,2%,10,"Humanities,Law,Politics",,,
abactinal.movie,available,50,0%,9,Science,,,
spinous.movie,available,50,1%,7,"Agriculture,Science",,,
acetose.movie,available,50,1%,7,Science,,,
aculeated.movie,available,50,0%,9,"Engineering,Medicine,Science",,,
acapnic.movie,available,50,0%,7,"Healthcare,Medicine,Science",,,
scummy.movie,available,50,1%,6,Humanities,,,
lxx.movie,available,50,5%,3,Mathematics,,,
acerose.movie,available,50,1%,7,Science,,,
abomasal.movie,available,50,0%,8,Agriculture,,,
ogdoad.movie,available,50,1%,6,Mathematics,,,
cinque.movie,available,50,7%,6,Mathematics,,,
acaudal.movie,available,50,1%,7,"Agriculture,Science",,,
triplet.movie,available,50,8%,7,Science,,,
gillless.movie,available,50,0%,9,Science,,,
quint.movie,available,50,13%,5,"Arts,Entertainment",,,
adactylous.movie,available,50,0%,10,Science,,,
abbatial.movie,available,50,0%,8,Religion,,,
needlelike.movie,available,50,0%,10,"Engineering,Medicine,Science",,,
ilxx.movie,available,48,1%,4,Mathematics,,,
abyssal.movie,available,48,12%,7,"Arts,Entertainment,Media",,,
notguilty.movie,available,48,5%,10,Law,,,
lxxxviii.movie,available,48,1%,8,Mathematics,,,
execrable.movie,available,48,0%,9,"Entertainment,Humanities",,,
ilxxx.movie,available,48,1%,5,Mathematics,,,
abstracted.movie,available,48,5%,10,"Arts,Humanities,Science",,,
apriori.movie,available,48,13%,8,Mathematics,,,
acanthous.movie,available,46,0%,9,"Agriculture,Science",,,
acetylic.movie,available,46,1%,8,Science,,,
theabsurd.movie,available,46,1%,10,"Arts,Entertainment,Media",,,
acephalous.movie,available,46,1%,10,Science,,,
acicular.movie,available,46,2%,8,Science,,,
acarpelous.movie,available,46,0%,10,"Agriculture,Science",,,
acapnial.movie,available,46,0%,8,"Healthcare,Medicine,Science",,,
acaudate.movie,available,46,1%,8,"Agriculture,Science",,,
acanthotic.movie,available,46,0%,10,"Agriculture,Science",,,
achenial.movie,available,46,1%,8,Science,,,
acheronian.movie,available,46,1%,10,Humanities,,,
acarpous.movie,available,46,0%,8,"Agriculture,Science",,,
achromous.movie,available,46,1%,9,Science,,,
acanthoid.movie,available,46,1%,9,"Agriculture,Science",,,
acetylenic.movie,available,46,1%,10,Science,,,
vinegarish.movie,available,46,1%,10,Food and Beverage,,,
stripling.movie,available,46,2%,9,"Education,Entertainment,Healthcare",,,
quaternary.movie,available,46,3%,10,Mathematics,,,
acetabular.movie,available,46,1%,10,Science,,,
cotyloid.movie,available,46,1%,8,Science,,,
acetonic.movie,available,46,1%,8,Science,,,
achromic.movie,available,46,2%,8,Science,,,
stemless.movie,available,46,2%,8,"Agriculture,Science",,,
cotyloidal.movie,available,44,1%,10,Science,,,
acherontic.movie,available,44,1%,10,Humanities,,,
accusatory.movie,available,44,1%,10,Law,,,
phoebe.movie,available,41,14%,6,Science,,,
abscessed.movie,available,41,0%,9,Healthcare,,,
accurst.movie,available,40,1%,7,Religion,,,
scurrilous.movie,available,40,1%,10,"Entertainment,Media,Politics",,,
accusive.movie,available,40,1%,8,Law,,,